FileID,Category
71a.wav,a
2a.wav,a
80a.wav,a
90i.wav,i
77a.wav,a
23a.wav,a
48a.wav,a
9i.wav,i
75a.wav,a
4a.wav,a
38i.wav,i
47a.wav,a
66a.wav,a
60i.wav,i
42a.wav,a
50i.wav,i
27a.wav,a
65a.wav,a
98i.wav,i
3a.wav,a
83i.wav,i
84i.wav,i
99i.wav,i
77i.wav,i
71i.wav,i
32i.wav,i
79a.wav,a
83a.wav,a
78a.wav,a
69a.wav,a
30i.wav,i
22a.wav,a
86a.wav,a
66i.wav,i
9a.wav,a
61i.wav,i
27i.wav,i
4i.wav,i
0a.wav,a
70i.wav,i
20i.wav,i
75i.wav,i
76a.wav,a
45i.wav,i
76i.wav,i
85a.wav,a
40i.wav,i
23i.wav,i
74i.wav,i
81i.wav,i
29i.wav,i
34i.wav,i
58i.wav,i
1a.wav,a
57i.wav,i
65i.wav,i
7i.wav,i
25i.wav,i
24a.wav,a
55a.wav,a
93a.wav,a
59i.wav,i
21i.wav,i
73a.wav,a
30a.wav,a
97i.wav,i
50a.wav,a
44a.wav,a
41i.wav,i
44i.wav,i
59a.wav,a
32a.wav,a
74a.wav,a
88a.wav,a
56a.wav,a
5i.wav,i
97a.wav,a
89a.wav,a
92a.wav,a
94i.wav,i
42i.wav,i
84a.wav,a
88i.wav,i
96a.wav,a
68i.wav,i
64i.wav,i
34a.wav,a
87a.wav,a
91a.wav,a
38a.wav,a
43i.wav,i
26i.wav,i
48i.wav,i
57a.wav,a
63a.wav,a
8i.wav,i
79i.wav,i
61a.wav,a
69i.wav,i
26a.wav,a
82i.wav,i
24i.wav,i
95a.wav,a
5a.wav,a
36a.wav,a
89i.wav,i
35i.wav,i
40a.wav,a
31a.wav,a
22i.wav,i
7a.wav,a
renamer.wav,r
64a.wav,a
96i.wav,i
52i.wav,i
78i.wav,i
43a.wav,a
28a.wav,a
87i.wav,i
39i.wav,i
95i.wav,i
62a.wav,a
99a.wav,a
6a.wav,a
53i.wav,i
73i.wav,i
80i.wav,i
39a.wav,a
6i.wav,i
41a.wav,a
51i.wav,i
72a.wav,a
37i.wav,i
92i.wav,i
85i.wav,i
91i.wav,i
56i.wav,i
49i.wav,i
67a.wav,a
54a.wav,a
37a.wav,a
81a.wav,a
31i.wav,i
60a.wav,a
20a.wav,a
93i.wav,i
62i.wav,i
2i.wav,i
46a.wav,a
54i.wav,i
58a.wav,a
98a.wav,a
63i.wav,i
55i.wav,i
45a.wav,a
68a.wav,a
3i.wav,i
29a.wav,a
25a.wav,a
36i.wav,i
70a.wav,a
52a.wav,a
90a.wav,a
51a.wav,a
21a.wav,a
67i.wav,i
46i.wav,i
49a.wav,a
82a.wav,a
28i.wav,i
72i.wav,i
8a.wav,a
94a.wav,a
33i.wav,i
86i.wav,i
35a.wav,a
53a.wav,a
47i.wav,i
33a.wav,a
